{"Logistic Regression": {"fpr": [0.0, 0.009053285049146405, 0.017718572167615108, 0.029746508018623902, 0.04203310915675117, 0.05419037765131919, 0.06764097258147957, 0.08109156751163994, 0.09557682359027418, 0.10566476978789446, 0.11808070356958096, 0.13166063114330057, 0.14226590791515778, 0.16088980858768753, 0.17576306259699948, 0.1912829798241076, 0.20732022762545266, 0.22684945680289706, 0.24353336782203827, 0.26267459906880497, 0.28000517330574237, 0.29578375581996896, 0.3154423176409726, 0.33005690636316604, 0.34997413347128814, 0.3689860320744956, 0.38541127780651835, 0.40403517847904813, 0.42265907915157785, 0.43572167615106056, 0.4505949301603725, 0.47154681841696844, 0.493921365752716, 0.5192705638903259, 0.5367304707708226, 0.5544490429384377, 0.5669943093636834, 0.5834195550957062, 0.6038541127780652, 0.6332126228660114, 0.6526125193998965, 0.672788411795137, 0.6925763062596999, 0.7205121572684946, 0.7399120538023797, 0.7683652353854112, 0.7975944128297983, 0.8331608898085877, 0.8635540610450078, 0.8916192446973616, 0.9340403517847905], "tpr": [0.0, 0.031119090365050867, 0.05026929982046679, 0.07660083782166367, 0.09994015559545183, 0.12028725314183124, 0.14302812687013763, 0.16457211250748055, 0.18731298623578696, 0.20466786355475763, 0.22681029323758228, 0.2459605026929982, 0.2710951526032316, 0.2926391382405745, 0.31358467983243565, 0.3315380011968881, 0.3518850987432675, 0.3734290843806104, 0.39257929383602636, 0.4129263913824057, 0.4296828246558947, 0.4464392579293836, 0.4673847995212448, 0.4865350089766607, 0.5038898862956314, 0.5230400957510473, 0.5415918611609815, 0.5631358467983244, 0.5822860562537403, 0.6038300418910831, 0.6205864751645721, 0.639736684619988, 0.6594853381208857, 0.6792339916217833, 0.6971873129862358, 0.7169359664871334, 0.7354877318970676, 0.7564332734889287, 0.7743865948533812, 0.7947336923997607, 0.8114901256732495, 0.8282465589467385, 0.8479952124476361, 0.8665469778575703, 0.8845002992220228, 0.9018551765409935, 0.9198084979054458, 0.93836026331538, 0.9545182525433872, 0.9712746858168761, 0.9898264512268103]}, "Decision Tree": {"fpr": [0.0, 0.1016554578375582, 0.18468701500258666, 0.24637868598034143, 0.37778065183652354, 0.5315571650284532, 0.5887221934816348, 0.6227366787377134, 0.6830056906363166, 0.6918003103983446, 0.7540093119503363, 0.8347128815312985, 0.8980858768753234, 0.9242110708742887, 1.0], "tpr": [0.0, 0.24177139437462597, 0.3836026331538001, 0.48533812088569717, 0.6038300418910831, 0.7690005984440454, 0.8037103530819868, 0.8354278874925194, 0.8874925194494315, 0.8904847396768402, 0.9251944943147815, 0.9605026929982047, 0.9826451226810293, 0.9868342309994016, 1.0]}, "Random Forest": {"fpr": [0.0, 0.00012933264355923435, 0.00012933264355923435, 0.00038799793067770304, 0.0005173305742369374, 0.0007759958613554061, 0.0011639937920331091, 0.0012933264355923435, 0.0015519917227108122, 0.0019399896533885152, 0.0027159855147439213, 0.00297465080186239, 0.0038799793067770304, 0.004397309881013968, 0.005561303673047077, 0.006078634247284015, 0.0071132953957578895, 0.008147956544231763, 0.01008794619762028, 0.011122607346094155, 0.015519917227108122, 0.017977237454733574, 0.020434557682359026, 0.02224521469218831, 0.02496120020693223, 0.02703052250387998, 0.030781169167097777, 0.03414381789963787, 0.037118468701500255, 0.04229177444386963, 0.04643041903776513, 0.05147439213657527, 0.05742369374030005, 0.0632436627004656, 0.07035695809622348, 0.07488360062079669, 0.0817382307294361, 0.088851526125194, 0.09622348680807036, 0.10294878427315055, 0.11213140196585618, 0.12131401965856183, 0.13036730470770821, 0.14136057941024316, 0.1546818416968443, 0.16670977754785307, 0.17860838075530264, 0.19231764097258147, 0.20770822555613036, 0.22387480600103465, 0.23667873771339887, 0.25323331608898086, 0.27198654940506983, 0.28905845835488875, 0.3065183652353854, 0.3285049146404552, 0.34842214174857733, 0.3662700465597517, 0.3847646145887222, 0.4103724780134506, 0.43287635799275737, 0.4543455768235903, 0.4789187790998448, 0.5033626487325401, 0.5297465080186239, 0.5543197102948785, 0.578375581996896, 0.6063114330056907, 0.6330832902224521, 0.6573978272115882, 0.684299017071909, 0.7112002069322297, 0.7412053802379721, 0.7681065700982929, 0.7943610967408173, 0.8198396275219866, 0.8451888256595965, 0.8751939989653389, 0.903388515261252, 0.9313243662700466, 0.9573202276254527, 0.9815054319710295, 1.0], "tpr": [0.0, 0.0, 0.0005984440454817474, 0.0005984440454817474, 0.0011968880909634949, 0.0017953321364452424, 0.0023937761819269898, 0.0023937761819269898, 0.0023937761819269898, 0.002992220227408737, 0.005984440454817474, 0.008378216636744464, 0.009575104727707959, 0.011370436864153202, 0.012567324955116697, 0.014961101137043686, 0.01615798922800718, 0.019748653500897665, 0.023937761819269897, 0.028126870137642132, 0.03411131059245961, 0.03889886295631358, 0.04308797127468582, 0.05326152004787552, 0.06044284859365649, 0.06762417713943747, 0.07420706163973669, 0.08737283064033513, 0.09275882704967085, 0.09814482345900659, 0.10951526032315978, 0.11370436864153202, 0.12507480550568523, 0.13704368641532017, 0.1538001196888091, 0.1639736684619988, 0.18073010173548773, 0.19569120287253142, 0.20885697187312985, 0.2220227408737283, 0.2381807301017355, 0.25014961101137045, 0.26690604428485937, 0.2824655894673848, 0.30041891083183725, 0.3165769000598444, 0.3393177737881508, 0.35727109515260325, 0.38001196888090966, 0.39736684619988033, 0.414721723518851, 0.43566726511071213, 0.4572112507480551, 0.4841412327947337, 0.5044883303411131, 0.5272292040694195, 0.547576301615799, 0.5655296229802513, 0.5846798324356672, 0.6014362657091562, 0.63016157989228, 0.6540993417115499, 0.6750448833034112, 0.6983842010771992, 0.7229204069419509, 0.7468581687612208, 0.7761819269898265, 0.7983243566726511, 0.8198683423099941, 0.8378216636744464, 0.8587672052663076, 0.8737283064033513, 0.8892878515858768, 0.9090365050867744, 0.9216038300418911, 0.940754039497307, 0.9515260323159784, 0.9658886894075404, 0.9766606822262118, 0.983243566726511, 0.9892280071813285, 0.9964093357271095, 1.0]}, "XGBoost": {"fpr": [0.0, 0.01008794619762028, 0.019141231246766685, 0.02586652871184687, 0.03737713398861873, 0.048887739265390584, 0.060139679255043973, 0.07320227625452665, 0.08290222452146923, 0.09467149508535955, 0.10605276771857217, 0.11562338334195552, 0.12584066218313503, 0.13851526125194, 0.15157785825142267, 0.1638644593895499, 0.17912571132953958, 0.19632695292291774, 0.21210553543714433, 0.22426280393171236, 0.24443869632695292, 0.26060527677185724, 0.27586652871184686, 0.28905845835488875, 0.3025090532850491, 0.31893429901707193, 0.3351008794619762, 0.3520434557682359, 0.36614071391619246, 0.3820486290739783, 0.40610450077599586, 0.42421107087428866, 0.44154164511122607, 0.4604242110708743, 0.4778841179513709, 0.5003879979306777, 0.518235902741852, 0.5443610967408173, 0.5755302638385928, 0.607087428867046, 0.625840662183135, 0.644593895499224, 0.6806777030522504, 0.7038282462493534, 0.7360320744956027, 0.7693998965338852, 0.8026383859286084, 0.8362648732540093, 0.867046042421107, 0.9176151060527677, 0.997284014485256],